job_id,company_name,title,location,formatted_experience_level,job_text,match_score
3901355650,Tiger Analytics,Senior Machine Learning Engineer,United States,Mid-Senior level,senior machine learning engineer descriptiontiger analytics is looking for experienced machine learning engineers to join our fast growing advanced analytics consulting firm our employees bring deep expertise in machine learning data science and ai our business value and leadership has been recognized by various market research firms including forrester and gartner we are looking for top notch talent as we continue to build the best global analytics consulting team in the world you will be responsible for providing solutions for the deployment execution validation monitoring and improvement of data science solutionscreating scalable machine learning systems that are highly performantbuilding reusable production data pipelines for implemented machine learning modelswriting production quality code and libraries that can be packaged as containers installed and deployedyou will collaborate with cross functional teams and business partners and will have the opportunity to drive current and future strategy by leveraging your analytical skills as you ensure business value and communicate the results requirement must have 6 years of experience in mle mlops azure must have experience in devops and kubernetes bachelor s degree or higher in computer science or related with 8 years of work experienceend to end mlops with basic ds skills looking to solve engineering problems around online model serving implement a cicd process that trains the model in databricks and deploys the model as an api docker image to deployment targets ability to collaborate with data engineers and data scientists to build data and model pipelines and help run machine learning tests and experimentsability to manage the infrastructure and data pipelines needed to bring ml solutions to productionend to end understanding of applications being createdability to maintain scalable machine learning solutions in productionability to abstract the complexity of production for machine learning using containersability to troubleshoot production machine learning model issues including recommendations for to retrain and revalidateexperience with big data projects using multiple types of structured and unstructured dataability to work with a global team playing a key role in communicating problem context to the remote teamsexcellent communication and teamwork skills benefitsthis position offers an excellent opportunity for significant career development in a fast growing and challenging entrepreneurial environment with a high degree of individual responsibility mid senior level,63.54545243752161
3906226649,Salesforce,Senior Machine Learning Scientist,New York City Metropolitan Area,Not Specified,senior machine learning scientist to get the best candidate experience please consider applying for a maximum of 3 roles within 12 months to ensure you are not duplicating efforts job category data job details about salesforce we re salesforce the customer company inspiring the future of business with ai data crm leading with our core values we help companies across every industry blaze new trails and connect with customers in a whole new way and we empower you to be a trailblazer too driving your performance and career growth charting new paths and improving the state of the world if you believe in business as the greatest platform for change and in companies doing well and doing good you ve come to the right place salesforce is the global leader in cloud based saas solutions that enable the world s premier brands to maintain a robust online presence with high roi we do that by providing a highly scalable integrated cloud platform that allows our clients to rapidly launch and manage multiple e commerce stores initiate unique marketing campaigns and drive customer traffic across a global footprint we are looking for a top notch machine learning scientist data scientist to join the machine learning science team of the copilot and personalization org our team is tasked with producing performant machine learning models and copilot systems to enhance and personalize the shopper experience through search product recommendations content personalization promotion selection and much more in addition we augment and automate the work of the merchandiser and admins to enable them to react faster and better to changing markets trends and customer demands you will be responsible for turning business needs into machine learning solutions that we can deploy to production in collaboration with our engineering teams to achieve this you will research design prototype and build machine learning systems with large scale training and offline online tuning and experimentation the successful candidate will work with world class database gurus software and machine learning engineers research scientists and fellow machine learning scientists we are looking for someone who gets a kick out of staying on top of the latest machine learning and ai literature tools techniques and figuring out the best way to apply these for practical solutions we encourage contribution to tools and knowledge sharing within the team the company and the industry responsibilities work with product management and leadership to translate business problems into data science problemsresearch prototype and build demonstrations of machine learning ideas for quick validation and feedbackdesign and build machine learning systems to hit accuracy and performance metric targetsproductize machine learning systems in collaboration with engineering teamsdesign and conduct experiments to ensure optimal performance of machine learning systemseducate engineering and product teams about data science during collaborationmentor and collaborate with other members of the data science teamshare technical innovations with the team and across the companycreate innovations and contribute to conferences and or open source tools qualifications must have fluent in prototyping building machine learning models and algorithms and wrangling large datasetsph d in a quantitative discipline with 3 years of relevant experience or a bs ms in a quantitative discipline with 6 10 years of relevant experience expertise in classical machine learning deep learning and large language models llms proficient in using python scientific stack e g numpy pandas pytorch scipy jupyter proficient in shell scripting unix linux command line tools working with cloud infrastructure aws great communication skills ability to discuss with scientists engineers designers and product managers nice to have ph d with 5 10 years of relevant experienceexperience in shipping machine learning models into large scale production systemsdeep experience in reinforcement learning deep learning causal inference and information retrievalexperience in building machine learning models for e commerce problems like search and recommendationsopen source machine learning code from one s paper contributions to any projects implementations of paperspublications in any of cvpr iccv eccv neurips iclr icml acl emnlp recsys kdd accommodations if you require assistance due to a disability applying for open positions please submit a request via this accommodations request form posting statement at salesforce we believe that the business of business is to improve the state of our world each of us has a responsibility to drive equality in our communities and workplaces we are committed to creating a workforce that reflects society through inclusive programs and initiatives such as equal pay employee resource groups inclusive benefits and more learn more about equality at www equality com and explore our company benefits at www salesforcebenefits com salesforce is an equal employment opportunity and affirmative action employer qualified applicants will receive consideration for employment without regard to race color religion sex sexual orientation gender perception or identity national origin age marital status protected veteran status or disability status salesforce does not accept unsolicited headhunter and agency resumes salesforce will not pay any third party agency or company that does not have a signed agreement with salesforce salesforce welcomes all pursuant to the san francisco fair chance ordinance and the los angeles fair chance initiative for hiring salesforce will consider for employment qualified applicants with arrest and conviction records for new york based roles the base salary hiring range for this position is 151 800 to 227 700 for colorado based roles the base salary hiring range for this position is 138 000 to 189 800 for washington based roles the base salary hiring range for this position is 138 000 to 208 800 for california based roles the base salary hiring range for this position is 151 800 to 227 700 for hawaii based roles the base salary hiring range for this position is 138 000 to 189 800 compensation offered will be determined by factors such as location level job related knowledge skills and experience certain roles may be eligible for incentive compensation equity benefits more details about our company benefits can be found at the following link https www salesforcebenefits com not specified,60.220305819354735
3899540477,Cloud Resources LLC,Machine Learning Engineer,"New York, NY",Not Specified,machine learning engineer company description cloud resources is a highly motivated and results oriented consulting firm specializing in next generation software development technology and cloud services we provide top quality services and solutions in software and application development technology consulting infrastructure services cloud and big data technologies our focus is on nurturing long term relationships with clients of all sizes both nationally and globally role description this is a contract role for a machine learning engineer at cloud resources llc as a machine learning engineer you will be responsible for developing and implementing machine learning algorithms and models analyzing large datasets and collaborating with cross functional teams to design and deploy machine learning solutions this is a hybrid role with the majority of the work located in new york ny and flexibility for some remote work qualifications strong knowledge in pattern recognition and neural networksproficiency in computer science and statisticsexperience with algorithms and data structureshands on experience in machine learning frameworks and librariesfamiliarity with cloud platforms and big data technologiesexcellent problem solving and analytical skillsstrong programming skills in languages such as python or rgood communication and collaboration skillsmaster s or phd in computer science data science or a related field not specified,56.053326719872246
3899540393,"Denken Solutions, Inc.",Principal Data Scientist,"Round Rock, TX",Not Specified,principal data scientist title principal data scientistlocation round rock tx or hopkinton maduration 6 months c2h job description as a principal data scientist on a growing data science team you will bring your industry experience to build machine learning models you will collaborate closely with our field marketing and sales stakeholders to solve critical and highly visible business problems with machine learning you will you will work with other data scientists data engineers machine learning ml engineers and business analysts to support the end to end ml lifecycle from use case identification through model productionization and business outcome measurement play a critical role in growing and maturing our marketing capabilities with machine learning at its coreengage with business stakeholders to support customer centric design of solutionsessential requirements u s citizenship is required with a bachelor s degree in data science machine learning statistics economics marketing analytics finance other quantitative fields or equivalent professional experience8 years of industry experience in machine learning data science statistics or related including a demonstrated experience in model training evaluation validation implementation and monitoring5 years experience in statistical programming with at least 2 years in python including packages such as pandas scikit learn or pytorch and jupyter notebooks equivalent experience in r may be acceptableunderstanding of techniques used for small biased and sparse datasets and the ability to gain a rapid understanding of domain data business processes and business objectivesability to grow strong relationships with marketing stakeholdersdesired requirements experience with u s federal industry is highly desired alternatively experience in highly regulated industries i e finance insurance local government etc plusexperience with cloudera and with model registries i e mlflow and version control i e github not specified,54.44558357411612
3905348427,Harnham,Senior MLOps Engineer,"New York, NY",Mid-Senior level,senior mlops engineer lead mlops engineernew york new york onsite 180 000 200 000 base salary equity benefitsharnham is partnered with an accounting tech startup in the new york city area they are looking for a machine learning operations engineer with a background in deploying and scaling large scale ml ai platforms using regulated data this person will sit in their engineering team and partner with stakeholders across the business the roleyou will deploy machine learning models to support new and existing platforms in accounting technologyyou will report directly into the vp of machine learning and work closely on technical directionown development of new pocs and quickly build into production using regulated data across finance and insuranceyou will implement and design code and build out to production using various machine learning techniquespotential to grow into thought leader role for mlops within the business your skills and experiencethe successful lead mlops engineer will likely have the following skills and experience 5 years of commercial experience preferred with a focus on deploying machine learning modelsexperience working in a startup or dynamic environment a plusfluent in python tensorflow pytorch for production grade workcommercial experience building novel ai platforms with large datasetscloud experience in aws preferredhistory of working on models from concept to production end to endfamiliarity with advanced machine learning approaches for applications with accounting legal insurance claims fraud detection or other regulated domainsexperience in settings wearing multiple hatshistory of partnering with non technical stakeholders a plusbs or ms degree in computer science computer engineering or similar the benefitsa competitive base salary of 180 000 200 000 benefits equity how to applyplease register your interest by sending your r sum to tim jonas via the apply link on this page keywordsmachine learning mlops machine learning operations technology accounting legal artificial intelligence deployment production startup ai artificial intelligence fintech aws python finance insurance claims fraud detection mid senior level,54.38401233396881
3904991139,Expedia Group,"Senior Machine Learning Scientist, Marketing","Seattle, WA",Mid-Senior level,senior machine learning scientist marketing if you need assistance during the recruiting process due to a disability please reach out to our recruiting accommodations team through the accommodation request form this form is used only by individuals with disabilities who require assistance or adjustments in applying and interviewing for a job this form is not for inquiring about a position or the status of an application senior machine learning scientist marketing join our marketing channels and technology team as a senior machine learning scientist to lead the development and implementation of machine learning models that enhance our understanding of customer lifetime value and inform strategic business decisions with multiple brands and lines of businesses in our portfolio expedia group has unparalleled and rich travel data and platform for you to explore new ideas and unlock significant value what you will do translate business objectives into well defined machine learning problems and implement solutions from start to finish partner with engineering teams to productionize machine learning solutions focusing on scalability and robustness document your work and communicate results clearly and effectively to business stakeholders product management and executive teams lead by example in technical excellence mentoring junior team members and driving the team towards innovative high quality machine learning practices collaborate with partners to align machine learning solutions with business needs ensuring the insights are actionable and practical who you are master s or phd in a technical field or equivalent related professional experiencea minimum of 5 years experience in building industry grade machine learning modelsproficient in python demonstrating strong algorithm design and object oriented programming expertise proficient in sql like query languages for data extraction and transformation experience working with large data sets in a distributed computing environment such as spark is advantageous solid understanding of modern machine learning techniques and statistics familiarity with deep learning frameworks is a plus familiarity with causal inference and causal ml is a plus strong interpersonal skills both written and oral has a proven track record of driving projects from inception to completion and collaborating effectively with diverse international teams the total cash range for this position in seattle is 173 000 00 to 242 500 00 employees in this role have the potential to increase their pay up to 277 000 00 which is the top of the range based on ongoing demonstrated and sustained performance in the role starting pay for this role will vary based on multiple factors including location available budget and an individual s knowledge skills and experience pay ranges may be modified in the future expedia group is proud to offer a wide range of benefits to support employees and their families including medical dental vision paid time off and an employee assistance program to fuel each employee s passion for travel we offer a wellness travel reimbursement travel discounts and an international airlines travel agent iatan membership view our full list of benefits about expedia group expedia group nasdaq expe powers travel for everyone everywhere through our global platform driven by the core belief that travel is a force for good we help people experience the world in new ways and build lasting connections we provide industry leading technology solutions to fuel partner growth and success while facilitating memorable experiences for travelers expedia group s family of brands includes brand expedia hotels com expedia partner solutions vrbo trivago orbitz travelocity hotwire wotif ebookers cheaptickets expedia group media solutions expedia local expert carrentals com and expedia cruises 2021 expedia inc all rights reserved trademarks and logos are the property of their respective owners cst 2029030 50 employment opportunities and job offers at expedia group will always come from expedia group s talent acquisition and hiring teams never provide sensitive personal information to someone unless you re confident who the recipient is expedia group does not extend job offers via email or any other messaging tools to individuals to whom we have not made prior contact our email domain is expediagroup com the official website to find and apply for job openings at expedia group is careers expediagroup com jobs expedia is committed to creating an inclusive work environment with a diverse workforce all qualified applicants will receive consideration for employment without regard to race color religion gender gender identity or expression sexual orientation national origin genetics disability age or veteran status this employer participates in e verify the employer will provide the social security administration ssa and if necessary the department of homeland security dhs with information from each new employee s i 9 to confirm work authorization mid senior level,52.668919668457626
3904950219,Dice,"Senior Staff Machine Learning Engineer, Applied Science","San Francisco, CA",Mid-Senior level,senior staff machine learning engineer applied science dice is the leading career destination for tech experts at every stage of their careers our client pinterest inc is seeking the following apply via dice today about pinterest millions of people across the world come to pinterest to find new ideas every day it s where they get inspiration dream about new possibilities and plan for what matters most our mission is to help those people find their inspiration and create a life they love in your role you ll be challenged to take on work that upholds this mission and pushes pinterest forward you ll grow as a person and leader in your field all the while helping pinners make their lives better in the positive corner of the internet creating a life you love also means finding a career that celebrates the unique perspectives and experiences that you bring as you read through the expectations of the position consider how your skills and experiences may complement the responsibilities of the role we encourage you to think through your relevant and transferable skills from prior experiences our new progressive work model is called pinflex a term that s uniquely pinterest to describe our flexible approach to living and working visit our pinflex landing page to learn more we are looking for a highly motivated and experienced machine learning engineer to join our team and help us shape the future of machine learning at pinterest in this role you will tackle new challenges in machine learning that will have a real impact on the way people discover and interact with the world around them you will collaborate with a world class team of research scientists and engineers to develop new machine learning algorithms systems and applications that will bring step function impact to the business metrics recent publications 1 2 3 you will also have the opportunity to work on a variety of exciting projects in the following areas representation learningrecommender systemsgraph neural networknatural language processing nlp inclusive aireinforcement learninguser modeling you will also have the opportunity to mentor junior researchers and collaborate with external researchers on cutting edge projects what you ll do lead cutting edge research in machine learning and collaborate with other engineering teams to adopt the innovations into pinterest problemscollect analyze and synthesize findings from data and build intelligent data driven modelscope and independently solve moderately complex problems write clean efficient and sustainable codeuse machine learning natural language processing and graph analysis to solve modeling and ranking problems across growth discovery ads and search what we re looking for mastery of at least one systems languages java c python or one ml framework pytorch tensorflow mlflow experience in research and in solving analytical problemsstrong communicator and team player being able to find solutions for open ended problems8 years working experience in the r d or engineering teams that build large scale ml driven projects3 years experience leading cross team engineering efforts that improves user experience in productsms phd in computer science ml nlp statistics information sciences or related field desired skills strong publication track record and industry experience in shipping machine learning solutions for large scale challenges cross functional collaborator and strong communicatorcomfortable solving ambiguous problems and adapting to a dynamic environment this position is not eligible for relocation assistance at pinterest we believe the workplace should be equitable inclusive and inspiring for every employee in an effort to provide greater transparency we are sharing the base salary range for this position the position is also eligible for equity final salary is based on a number of factors including location travel relevant prior experience or particular skills and expertise information regarding the culture at pinterest and benefits available for this position can be found here us based applicants only 158 950 327 000 usd our commitment to diversity pinterest is an equal opportunity employer and makes employment decisions on the basis of merit we want to have the best qualified people in every job all qualified applicants will receive consideration for employment without regard to race color religion sex sexual orientation gender identity national origin disability protected veteran status or any other characteristic under federal state or local law we also consider qualified applicants regardless of criminal histories consistent with legal requirements if you require an accommodation during the job application process please notify for support senior staff machine learning engineer applied science mid senior level,51.992991252073274
3902347170,Stealth Startup,Machine Learning Engineer [4414],United States,Mid-Senior level,machine learning engineer 4414 the company is an applied behavioral research company working at the intersection of ml social sciences and recommendation systems prediction as a service the company enables businesses to build privacy preserving recommendation and behavioral technologies competitive to big tech without the use of interpretable raw customer data we re looking to develop the next generation of privacy preserving machine learning products that understand and predict behavior at scale our products and research teams need to handle information at a massive scale across a number of unstructured dimensions we re looking for engineers who bring fresh ideas from all areas including information retrieval distributed computing large scale system design networking and data storage privacy artificial intelligence and nlp job qualification bachelor s degree or equivalent practical experience 5 years of experience with software development in one or more programming languages and with data structures algorithms 5 years with two or more languages softwares included but not limited to python apache presto r ml optimization scala 5 years of experience in one or more of the following areas machine learning recommendation systems pattern recognition nlp data mining or artificial intelligence 5 years of experience with ml ai algorithms and tools deep learning and or natural language processing responsibilities you enjoy partnering with data science teams to deploy and scale advanced algorithms you strive to write elegant code and you re comfortable with picking up new technologies independently you enjoy collaborating with colleagues partners internally and externally you are passionate about building intuitive data models and an expert in distributed data processing patterns you are comfortable working in a rapidly changing environment with ambiguous requirements you are nimble and take intelligent riskswhat you will do engineer efficient adaptable and scalable data pipelines to process structured and unstructured data maintain and rethink existing datasets and pipelines to service a wider variety of use cases develop highly scalable classifiers and tools leveraging machine learning data regression and rules based models adapt standard machine learning methods to best exploit modern parallel environments e g distributed clusters multicore smp and gpu mid senior level,49.35767781451879
3894580810,PointClickCare,Applied Researcher - Machine Learning,United States,Mid-Senior level,applied researcher machine learning for more than 20 years pointclickcare has been the backbone of senior care we ve amassed the richest senior care dataset making our market density untouchable and our connections to the healthcare ecosystem exponentially more powerful than those of any other platform with collective medical audacious inquiry we ve become the most expansive full continuum care collaboration network offering care teams immediate point of care access to deep real time insights at every stage of a patient s journey for more information on pointclickcare please connect with us on glassdoor and linkedin as an applied researcher machine learning within the pointclickcare advanced technology team you will work with customers product leaders subject matter experts other highly experienced applied researchers engineers or others on cutting edge research and development projects to address the needs of users in the acute post acute long term and cross continuum care space to truly transform healthcare examples of typical project areas and responsibilities include end to end responsibilities for developing improving and validating new machine learning or nlp models working with other researchers to improve and validate the performance of ai ml models and working with engineers on infrastructure to support the automated deployment and management of models or incorporating models into large scale commercial saas products this role will involve hands on work in one or more applied ai technology areas such as ml deep learning and natural language processing or other advanced technologies relevant industry experience and python skills are required responsibilities perform research experimentation and related engineering to design build and evaluate machine learning and nlp based models to be deployed into production environments tasks may include for example data collection data cleaning data analysis model training development and evaluation and scaling up the system required experience master s degree or equivalent experience in computer science math physics engineering or a related field and experience with advanced mathematics or statistical methods applicable to machine learning proven industry experience through one or more commercial product releases proficiency in python experience doing data engineering for ml or nlp applications including exposure to database systems and proficiency with sql exposure to building models from big data using modern machine learning packages and data analysis stacks such as numpy scipy scikit learn pandas keras tensorflow pytorch cntk or nltk curious problem finder and problem solver able to think both creatively and methodically strong interest in applying machine learning and related technologies to healthcare related problems and data works well with others and independently and comfortable working on a distributed team helpful experience experience working with large data sets using big data processing frameworks e g azure data lake hdfs hadoop spark or other cluster computing mapreduce frameworks and or public cloud infrastructure azure aws google cloud for building evaluating or deploying machine learning or nlp models is a plus it is the policy of pointclickcare to ensure equal employment opportunity without discrimination or harassment on the basis of race religion national origin status age sex sexual orientation gender identity or expression marital or domestic civil partnership status disability veteran status genetic information or any other basis protected by law pointclickcare welcomes and encourages applications from people with disabilities accommodations are available upon request for candidates taking part in all aspects of the selection process please contact recruitment pointclickcare com should you require any accommodations when you apply for a position your information is processed and stored with lever in accordance with lever s privacy policy we use this information to evaluate your candidacy for the posted position we also store this information and may use it in relation to future positions to which you apply or which we believe may be relevant to you given your background when we have no ongoing legitimate business need to process your information we will either delete or anonymize it if you have any questions about how pointclickcare uses or processes your information or if you would like to ask to access correct or delete your information please contact pointclickcare s human resources team recruitment pointclickcare com pointclickcare is committed to information security by applying to this position if hired you commit to following our information security policies and procedures and making every effort to secure confidential and or sensitive information at pointclickcare base salary is one of the many components that make up our total rewards package the usd base salary range for this position is 133 000 150 000 bonus equity benefits our salary ranges are determined by job and level the range displayed on each job posting reflects the target for new hire salaries for the position across all usd locations within the range individual compensation is determined by job related skills and knowledge relevant experience including professional and lived experience and or work location your recruiter can share more information about our total rewards package during the hiring process mid senior level,48.31386578477888
3901684810,PointClickCare,Applied Researcher - Machine Learning,United States,Mid-Senior level,applied researcher machine learning for more than 20 years pointclickcare has been the backbone of senior care we ve amassed the richest senior care dataset making our market density untouchable and our connections to the healthcare ecosystem exponentially more powerful than those of any other platform with collective medical audacious inquiry we ve become the most expansive full continuum care collaboration network offering care teams immediate point of care access to deep real time insights at every stage of a patient s journey for more information on pointclickcare please connect with us on glassdoor and linkedin as an applied researcher machine learning within the pointclickcare advanced technology team you will work with customers product leaders subject matter experts other highly experienced applied researchers engineers or others on cutting edge research and development projects to address the needs of users in the acute post acute long term and cross continuum care space to truly transform healthcare examples of typical project areas and responsibilities include end to end responsibilities for developing improving and validating new machine learning or nlp models working with other researchers to improve and validate the performance of ai ml models and working with engineers on infrastructure to support the automated deployment and management of models or incorporating models into large scale commercial saas products this role will involve hands on work in one or more applied ai technology areas such as ml deep learning and natural language processing or other advanced technologies relevant industry experience and python skills are required responsibilities perform research experimentation and related engineering to design build and evaluate machine learning and nlp based models to be deployed into production environments tasks may include for example data collection data cleaning data analysis model training development and evaluation and scaling up the system required experience master s degree or equivalent experience in computer science math physics engineering or a related field and experience with advanced mathematics or statistical methods applicable to machine learning proven industry experience through one or more commercial product releases proficiency in python experience doing data engineering for ml or nlp applications including exposure to database systems and proficiency with sql exposure to building models from big data using modern machine learning packages and data analysis stacks such as numpy scipy scikit learn pandas keras tensorflow pytorch cntk or nltk curious problem finder and problem solver able to think both creatively and methodically strong interest in applying machine learning and related technologies to healthcare related problems and data works well with others and independently and comfortable working on a distributed team helpful experience experience working with large data sets using big data processing frameworks e g azure data lake hdfs hadoop spark or other cluster computing mapreduce frameworks and or public cloud infrastructure azure aws google cloud for building evaluating or deploying machine learning or nlp models is a plus 133 000 150 000 a year at pointclickcare base salary is one of the many components that make up our total rewards package the usd base salary range for this position is 133 000 150 000 bonus equity benefits our salary ranges are determined by job and level the range displayed on each job posting reflects the target for new hire salaries for the position across all usd locations within the range individual compensation is determined by job related skills and knowledge relevant experience including professional and lived experience and or work location your recruiter can share more information about our total rewards package during the hiring process it is the policy of pointclickcare to ensure equal employment opportunity without discrimination or harassment on the basis of race religion national origin status age sex sexual orientation gender identity or expression marital or domestic civil partnership status disability veteran status genetic information or any other basis protected by law pointclickcare welcomes and encourages applications from people with disabilities accommodations are available upon request for candidates taking part in all aspects of the selection process please contact recruitment pointclickcare com should you require any accommodations when you apply for a position your information is processed and stored with lever in accordance with lever s privacy policy we use this information to evaluate your candidacy for the posted position we also store this information and may use it in relation to future positions to which you apply or which we believe may be relevant to you given your background when we have no ongoing legitimate business need to process your information we will either delete or anonymize it if you have any questions about how pointclickcare uses or processes your information or if you would like to ask to access correct or delete your information please contact pointclickcare s human resources team recruitment pointclickcare com pointclickcare is committed to information security by applying to this position if hired you commit to following our information security policies and procedures and making every effort to secure confidential and or sensitive information mid senior level,47.99965676477086
